<?xml version="1.0" encoding="UTF-8" standalone="yes"?>
<addon id="repository.ThorREPO" name="Thor REPO" version="0.1.0" provider-name="Blacko">
    <extension point="xbmc.addon.repository" name="Nome Repository">
        <dir>
            <info compressed="false">https://raw.githubusercontent.com/DiamanteRepo/ThorREPO/master/zips/addons.xml</info>
            <checksum>https://raw.githubusercontent.com/DiamanteRepo/ThorREPO/master/zips/addons.xml.md5</checksum>
            <datadir zip="true">https://raw.githubusercontent.com/DiamanteRepo/ThorREPO/master/zips/</datadir>
        </dir>
    </extension>
    <extension point="xbmc.addon.metadata">
        <summary>REPO do Thor</summary>
        <description>Addon de Filmes, Series e Desenhos</description>
        <disclaimer></disclaimer>
        <platform>all</platform>
        <assets>
            <icon>icon.png</icon>
            <fanart>fanart.jpg</fanart>
        </assets>
    </extension>
</addon>